None,None,None
None,None,None
None,None,None
 Magnet磁石(大悦城店) ,<div class="expand-info address" itemprop="street-address"> <span class="info-name">地址：</span> <span class="item" id="address" itemprop="street-address"> <e class="vmsw72"></e><e class="vms9xp"></e><e class="vmsb5i"></e><e class="vms8xm"></e>1<d class="zqb22l"></d><d class="zqb5y6"></d><e class="vmsoh4"></e><e class="vmscg9"></e>悦<e class="vms3kl"></e><e class="vmsb5i"></e><e class="vms5ti"></e><d class="zqb22l"></d><d class="zqbyyt"></d>1 </span> </div>,<p class="expand-info tel"> <span class="info-name">电话：</span> <d class="zqbyyt"></d><d class="zqbafu"></d>1-<d class="zqbuyn"></d><d class="zqbyyt"></d><d class="zqbopt"></d><d class="zqbrvf"></d><d class="zqb0o5"></d><d class="zqbyyt"></d><d class="zqbyyt"></d><d class="zqbbkx"></d> </p>
 鸢尾天空法餐厅iris le ciel ,<div class="expand-info address" itemprop="street-address"> <span class="info-name">地址：</span> <span class="item" id="address" itemprop="street-address"> <e class="vmsw72"></e><e class="vms9xp"></e><e class="vmsb5i"></e><e class="vms8xm"></e>1<d class="zqb22l"></d><d class="zqb5y6"></d><e class="vmsoh4"></e><e class="vmscg9"></e>悦<e class="vms3kl"></e><e class="vmsb5i"></e><e class="vms5ti"></e><d class="zqb5y6"></d><d class="zqbyyt"></d><d class="zqbafu"></d>-11 </span> </div>,<p class="expand-info tel"> <span class="info-name">电话：</span> <d class="zqbyyt"></d><d class="zqbafu"></d>1-<d class="zqbuyn"></d><d class="zqbyyt"></d><d class="zqb5y6"></d><d class="zqbrvf"></d><d class="zqbopt"></d><d class="zqbyyt"></d><d class="zqb0o5"></d><d class="zqb22l"></d> </p>
None,None,None
None,None,None
None,None,None
 Rina丽娜牛排馆(静安店) ,<div class="expand-info address" itemprop="street-address"> <span class="info-name">地址：</span> <span class="item" id="address" itemprop="street-address"> 铜仁<e class="vms8xm"></e>1<d class="zqbbkx"></d><d class="zqbuyn"></d><e class="vmsoh4"></e>(近<e class="vmsf3v"></e><e class="vmsy6b"></e><e class="vmsw72"></e><e class="vms8xm"></e>，静<e class="vmsnl1"></e><e class="vms2kb"></e>里<e class="vmsbur"></e><e class="vmspas"></e>对面) </span> </div>,<p class="expand-info tel"> <span class="info-name">电话：</span> <d class="zqbyyt"></d><d class="zqbafu"></d>1-<d class="zqbuyn"></d><d class="zqbbkx"></d><d class="zqbopt"></d><d class="zqb0o5"></d><d class="zqbuyn"></d>1<d class="zqbyyt"></d><d class="zqb22l"></d>   <d class="zqbyyt"></d><d class="zqbafu"></d>1-<d class="zqbuyn"></d><d class="zqbafu"></d><d class="zqbafu"></d><d class="zqbuyn"></d><d class="zqbafu"></d><d class="zqb22l"></d><d class="zqb0o5"></d><d class="zqbafu"></d> </p>
None,None,None
None,None,None
None,None,None
 CHEF PAPA(协信星光店) ,<div class="expand-info address" itemprop="street-address"> <span class="info-name">地址：</span> <span class="item" id="address" itemprop="street-address"> <e class="vmsz02"></e><e class="vmshoj"></e><e class="vms8xm"></e>1<d class="zqbafu"></d><d class="zqbafu"></d><d class="zqb5y6"></d><e class="vmsrs3"></e><d class="zqbopt"></d><e class="vmsoh4"></e>协<e class="vms5ve"></e>星<e class="vms7dp"></e><e class="vmsoca"></e><e class="vmshoj"></e><e class="vmsb5i"></e>里1<e class="vms0ax"></e>NL1<d class="zqbbkx"></d><d class="zqbuyn"></d> </span> </div>,<p class="expand-info tel"> <span class="info-name">电话：</span> <d class="zqbyyt"></d><d class="zqbafu"></d>1-<d class="zqb0o5"></d><d class="zqbuyn"></d><d class="zqbuyn"></d><d class="zqb5y6"></d><d class="zqbyyt"></d><d class="zqbopt"></d><d class="zqb0o5"></d><d class="zqb22l"></d> </p>
None,None,None
None,None,None
 Zizzi滋意餐厅(兴业太古汇店) ,<div class="expand-info address" itemprop="street-address"> <span class="info-name">地址：</span> <span class="item" id="address" itemprop="street-address"> <e class="vmsmf7"></e><e class="vmslhe"></e><e class="vms2p7"></e><e class="vms8xm"></e><d class="zqbrvf"></d><d class="zqbuyn"></d><d class="zqbuyn"></d><e class="vmsoh4"></e><e class="vmssmn"></e><e class="vmsflh"></e><e class="vmss76"></e><e class="vms2gp"></e>汇商<e class="vmshoj"></e>第N1<d class="zqbrvf"></d><d class="zqbyyt"></d>~N<d class="zqbafu"></d>1<d class="zqbafu"></d><e class="vmsoh4"></e>单元 </span> </div>,<p class="expand-info tel"> <span class="info-name">电话：</span> <d class="zqbyyt"></d><d class="zqbafu"></d>1-<d class="zqb0o5"></d><d class="zqbafu"></d><d class="zqbopt"></d><d class="zqb5y6"></d><d class="zqb0o5"></d><d class="zqbafu"></d><d class="zqbyyt"></d><d class="zqb5y6"></d> </p>
None,None,None
 El Bodegon阿根廷秘鲁餐厅(常熟路店) ,<div class="expand-info address" itemprop="street-address"> <span class="info-name">地址：</span> <span class="item" id="address" itemprop="street-address"> <e class="vms9e0"></e>熟<e class="vms8xm"></e><d class="zqb5y6"></d><d class="zqbrvf"></d><e class="vmsoh4"></e>神舟商务<e class="vmscg9"></e><e class="vms5ti"></e><d class="zqbbkx"></d><e class="vms5ti"></e> </span> </div>,<p class="expand-info tel"> <span class="info-name">电话：</span> <d class="zqbyyt"></d><d class="zqbafu"></d>1-<d class="zqb0o5"></d><d class="zqbbkx"></d><d class="zqbuyn"></d><d class="zqb0o5"></d>1<d class="zqbafu"></d><d class="zqbopt"></d><d class="zqb0o5"></d> </p>
 Wagas沃歌斯(静安大悦城店) ,<div class="expand-info address" itemprop="street-address"> <span class="info-name">地址：</span> <span class="item" id="address" itemprop="street-address"> <e class="vmsw72"></e><e class="vms9xp"></e><e class="vmsb5i"></e><e class="vms8xm"></e>1<d class="zqb22l"></d><d class="zqb5y6"></d><e class="vmsoh4"></e><e class="vmscg9"></e>悦<e class="vms3kl"></e>购物<e class="vmsbur"></e><e class="vmspas"></e><e class="vmsb5i"></e><e class="vms5ti"></e>1<e class="vms0ax"></e>1<d class="zqbyyt"></d><d class="zqbafu"></d>-1<d class="zqb0o5"></d><e class="vmsoh4"></e>商铺 </span> </div>,<p class="expand-info tel"> <span class="info-name">电话：</span> <d class="zqbyyt"></d><d class="zqbafu"></d>1-<d class="zqbuyn"></d>1<d class="zqbbkx"></d><d class="zqbrvf"></d><d class="zqbyyt"></d><d class="zqb0o5"></d><d class="zqb5y6"></d><d class="zqbuyn"></d> </p>
None,None,None
None,None,None
None,None,None
None,None,None
None,None,None
None,None,None
 HEAT FRENCH ROTISSERIE & BISTRO ,<div class="expand-info address" itemprop="street-address"> <span class="info-name">地址：</span> <span class="item" id="address" itemprop="street-address"> <e class="vmsjue"></e><e class="vmsan2"></e><e class="vmsb5i"></e><e class="vms8xm"></e>1<d class="zqb22l"></d><d class="zqb22l"></d><e class="vmsoh4"></e> </span> </div>,<p class="expand-info tel"> <span class="info-name">电话：</span> <d class="zqbyyt"></d><d class="zqbafu"></d>1-<d class="zqbrvf"></d><d class="zqbafu"></d><d class="zqbafu"></d><d class="zqbyyt"></d><d class="zqb0o5"></d><d class="zqbuyn"></d><d class="zqb5y6"></d><d class="zqb22l"></d>   1<d class="zqbopt"></d><d class="zqbrvf"></d><d class="zqbyyt"></d>1<d class="zqbopt"></d><d class="zqbbkx"></d><d class="zqb5y6"></d><d class="zqb0o5"></d><d class="zqbafu"></d><d class="zqb22l"></d> </p>
None,None,None
None,None,None
None,None,None
None,None,None
None,None,None
None,None,None
None,None,None
None,None,None
None,None,None
None,None,None
None,None,None
None,None,None
None,None,None
None,None,None
None,None,None
None,None,None
None,None,None
None,None,None
None,None,None
None,None,None
None,None,None
None,None,None
None,None,None
None,None,None
None,None,None
None,None,None
None,None,None
None,None,None
None,None,None
None,None,None
None,None,None
None,None,None
None,None,None
None,None,None
None,None,None
None,None,None
None,None,None
None,None,None
None,None,None
None,None,None
None,None,None
None,None,None
None,None,None
None,None,None
None,None,None
None,None,None
None,None,None
None,None,None
None,None,None
None,None,None
None,None,None
None,None,None
None,None,None
None,None,None
None,None,None
None,None,None
None,None,None
None,None,None
None,None,None
None,None,None
None,None,None
None,None,None
None,None,None
None,None,None
None,None,None
None,None,None
None,None,None
None,None,None
None,None,None
None,None,None
None,None,None
None,None,None
None,None,None
None,None,None
None,None,None
None,None,None
None,None,None
None,None,None
None,None,None
None,None,None
None,None,None
None,None,None
None,None,None
None,None,None
None,None,None
None,None,None
None,None,None
None,None,None
None,None,None
None,None,None
None,None,None
None,None,None
None,None,None
None,None,None
None,None,None
None,None,None
None,None,None
None,None,None
None,None,None
None,None,None
None,None,None
None,None,None
None,None,None
None,None,None
None,None,None
None,None,None
None,None,None
None,None,None
None,None,None
None,None,None
None,None,None
None,None,None
None,None,None
None,None,None
None,None,None
None,None,None
None,None,None
None,None,None
None,None,None
None,None,None
None,None,None
None,None,None
None,None,None
None,None,None
None,None,None
None,None,None
None,None,None
None,None,None
None,None,None
None,None,None
None,None,None
None,None,None
None,None,None
None,None,None
None,None,None
None,None,None
None,None,None
None,None,None
None,None,None
None,None,None
None,None,None
None,None,None
None,None,None
None,None,None
None,None,None
None,None,None
None,None,None
None,None,None
None,None,None
None,None,None
None,None,None
None,None,None
None,None,None
None,None,None
None,None,None
None,None,None
None,None,None
None,None,None
None,None,None
None,None,None
None,None,None
None,None,None
None,None,None
None,None,None
None,None,None
None,None,None
None,None,None
None,None,None
None,None,None
None,None,None
None,None,None
None,None,None
None,None,None
None,None,None
None,None,None
None,None,None
None,None,None
None,None,None
None,None,None
None,None,None
None,None,None
None,None,None
None,None,None
None,None,None
None,None,None
None,None,None
None,None,None
None,None,None
None,None,None
None,None,None
None,None,None
None,None,None
None,None,None
None,None,None
None,None,None
None,None,None
None,None,None
None,None,None
None,None,None
None,None,None
None,None,None
None,None,None
None,None,None
None,None,None
None,None,None
None,None,None
None,None,None
None,None,None
None,None,None
None,None,None
None,None,None
None,None,None
None,None,None
None,None,None
None,None,None
None,None,None
None,None,None
None,None,None
None,None,None
None,None,None
None,None,None
None,None,None
None,None,None
None,None,None
None,None,None
None,None,None
None,None,None
None,None,None
None,None,None
None,None,None
